2025-10-24_00-50-40,None,draft.py:2025-10-24_00-50-40;motocycle.py:2025-10-24_00-50-40;person.py:2025-10-24_00-50-40
2025-10-24_00-51-26,None,draft.py:2025-10-24_00-50-40;motocycle.py:2025-10-24_00-50-40;person.py:2025-10-24_00-50-40
2025-10-24_00-51-44,None,draft.py:2025-10-24_00-51-44;motocycle.py:2025-10-24_00-50-40;person.py:2025-10-24_00-50-40
2025-10-24_00-53-56,None,draft.py:2025-10-24_00-53-56;motocycle.py:2025-10-24_00-53-56;person.py:2025-10-24_00-50-40
2025-10-24_00-54-52,None,draft.py:2025-10-24_00-53-56;motocycle.py:2025-10-24_00-53-56;person.py:2025-10-24_00-50-40
2025-10-24_00-55-07,None,draft.py:2025-10-24_00-55-07;motocycle.py:2025-10-24_00-53-56;person.py:2025-10-24_00-50-40
2025-10-24_00-55-36,None,draft.py:2025-10-24_00-55-36;motocycle.py:2025-10-24_00-53-56;person.py:2025-10-24_00-50-40
2025-10-24_00-58-32,None,draft.py:2025-10-24_00-58-32;motocycle.py:2025-10-24_00-53-56;person.py:2025-10-24_00-58-32
2025-10-24_00-59-12,None,draft.py:2025-10-24_00-59-12;motocycle.py:2025-10-24_00-53-56;person.py:2025-10-24_00-58-32
2025-10-24_00-59-57,None,draft.py:2025-10-24_00-59-12;motocycle.py:2025-10-24_00-53-56;person.py:2025-10-24_00-59-57
2025-10-24_01-01-28,None,draft.py:2025-10-24_01-01-28;motocycle.py:2025-10-24_00-53-56;person.py:2025-10-24_00-59-57
2025-10-24_01-02-25,None,draft.py:2025-10-24_01-02-25;motocycle.py:2025-10-24_00-53-56;person.py:2025-10-24_00-59-57
2025-10-24_01-03-13,None,draft.py:2025-10-24_01-03-13;motocycle.py:2025-10-24_00-53-56;person.py:2025-10-24_00-59-57
2025-10-24_01-04-34,None,draft.py:2025-10-24_01-03-13;motocycle.py:2025-10-24_00-53-56;person.py:2025-10-24_00-59-57
2025-10-24_01-06-48,None,draft.py:2025-10-24_01-06-48;motocycle.py:2025-10-24_00-53-56;person.py:2025-10-24_00-59-57
2025-10-24_01-08-54,None,draft.py:2025-10-24_01-08-54;motocycle.py:2025-10-24_00-53-56;person.py:2025-10-24_00-59-57
2025-10-24_01-09-46,None,draft.py:2025-10-24_01-08-54;motocycle.py:2025-10-24_01-09-46;person.py:2025-10-24_00-59-57
2025-10-24_01-10-54,None,draft.py:2025-10-24_01-10-54;motocycle.py:2025-10-24_01-09-46;person.py:2025-10-24_00-59-57
2025-10-24_01-17-04,None,draft.py:2025-10-24_01-17-04;motocycle.py:2025-10-24_01-09-46;person.py:2025-10-24_00-59-57
2025-10-24_01-17-32,None,draft.py:2025-10-24_01-17-32;motocycle.py:2025-10-24_01-09-46;person.py:2025-10-24_00-59-57
2025-10-24_01-18-32,None,draft.py:2025-10-24_01-18-32;motocycle.py:2025-10-24_01-09-46;person.py:2025-10-24_00-59-57
2025-10-24_01-19-25,None,draft.py:2025-10-24_01-18-32;motocycle.py:2025-10-24_01-09-46;person.py:2025-10-24_00-59-57
2025-10-24_01-23-17,None,draft.py:2025-10-24_01-23-17;motocycle.py:2025-10-24_01-09-46;person.py:2025-10-24_00-59-57
